name,list,program,country
Richard Johnson,EU,WMD,YE
Michael Terry,UN,TFS,AF
Tina Schmidt,FRC,CTF,KP
Scott Johnson,EU,WMD,KP
Jessica Ramirez,UN,TFS,YE
Victoria Davenport,UN,WMD,KP
Rachel Gilbert,UN,TFS,AF
Catherine Thompson,FRC,CTF,IR
Richard Watkins,UN,WMD,IR
James Lynch,OFAC,WMD,KP
Matthew Glenn,FRC,WMD,KP
David Johnson,EU,WMD,IR
Nicole Bailey,OFAC,WMD,IR
Robert Chen,OFAC,WMD,AF
Joel Reid,FRC,CTF,IR
John Vasquez PhD,OFAC,WMD,YE
Emily Dixon,EU,WMD,KP
Steven Powers,EU,TFS,AF
Mathew Green Jr.,UN,TFS,IR
Richard Garcia,EU,WMD,KP
Jennifer Taylor,UN,CTF,IR
Bethany Chapman,EU,TFS,IR
Valerie Ray,OFAC,TFS,YE
Kevin Meadows,FRC,WMD,IR
Kathryn White,FRC,TFS,AF
Catherine Robinson,UN,TFS,IR
Mary Anderson,EU,CTF,YE
Kristen Turner,UN,TFS,AF
Christopher Cooley,OFAC,WMD,AF
Andrew Martin,OFAC,CTF,IR
Michelle Graves,OFAC,CTF,IR
Jennifer Shah,FRC,TFS,KP
Yvonne Maldonado,OFAC,TFS,YE
Cameron Koch,UN,CTF,YE
Mrs. Morgan Edwards,UN,CTF,AF
Lauren Weber,UN,WMD,IR
Sandra Mack,FRC,CTF,KP
Christine Hunt,UN,WMD,YE
Misty Smith,FRC,TFS,YE
Daniel Love,UN,CTF,IR
John Morales,FRC,WMD,AF
Matthew Park,FRC,WMD,YE
Michael Lopez,FRC,TFS,YE
Sara Ho,EU,TFS,YE
Leslie Blackwell,EU,CTF,YE
Sharon Gonzales,FRC,WMD,AF
Lauren Sanders,OFAC,CTF,KP
Sandra Harrington,OFAC,TFS,AF
Denise Green,EU,CTF,IR
Sandra Rice,OFAC,WMD,IR
Kelli Malone,UN,TFS,YE
Emily Keller,EU,TFS,YE
Sydney Cunningham,OFAC,WMD,KP
Matthew Schneider,OFAC,WMD,YE
David Johnson,OFAC,TFS,AF
Taylor Henderson,FRC,CTF,KP
Kristina Smith,UN,TFS,IR
Kara Nguyen,UN,TFS,AF
Joshua Gray,OFAC,CTF,IR
Morgan Sexton,OFAC,TFS,YE
Gavin Watkins,EU,CTF,AF
Amanda Wolf,EU,WMD,YE
Steven Schneider,OFAC,TFS,YE
Kristine Torres,EU,WMD,AF
Jerome Johnson,UN,TFS,AF
Kristina Hanna,UN,WMD,YE
Nathan Moss,OFAC,CTF,AF
Michael Huang,FRC,TFS,YE
Ryan Stevenson,EU,WMD,AF
Nicole Barrett,FRC,TFS,KP
Michael Clarke,FRC,CTF,IR
Richard Reese,UN,TFS,KP
Albert Ballard,OFAC,WMD,KP
Leah Hurley,FRC,TFS,IR
Gina Garcia,UN,CTF,AF
Frances Hernandez,FRC,CTF,IR
Christina Glenn,UN,WMD,AF
Justin Johnson,EU,CTF,IR
Gabrielle Turner,FRC,TFS,KP
David Moore,OFAC,WMD,KP
Brenda Cooper,OFAC,CTF,KP
Carol Burch,FRC,TFS,IR
Adam Schultz,EU,WMD,YE
Kelly Nolan,UN,TFS,AF
Kayla Salazar,FRC,WMD,IR
Mary Sanchez,EU,WMD,IR
Melissa Moss,FRC,TFS,KP
Brenda Salazar,FRC,TFS,YE
Edward Hughes,FRC,CTF,AF
Maurice Huynh,FRC,WMD,KP
Madeline Phillips,OFAC,WMD,IR
Andrew Schneider,FRC,TFS,AF
Sophia Vega,UN,TFS,AF
Lee Delgado,EU,TFS,YE
Brian Wells,OFAC,WMD,YE
Christina Jones,EU,TFS,AF
Jacob Berg,UN,CTF,YE
Rebecca Rodriguez,OFAC,TFS,KP
Dr. Dawn Wallace,UN,TFS,YE
Amanda Novak,OFAC,TFS,YE
